<?xml version="1.0" encoding="UTF-8"?>
<!DOCTYPE mapper
  PUBLIC "-//mybatis.org//DTD Mapper 3.0//EN"
  "http://mybatis.org/dtd/mybatis-3-mapper.dtd">
<mapper namespace="com.wdt.mapper.MemberMapper">

	<!-- 회원 가입 -->
	<insert id="memberJoin">
		insert into MEMBER(M_EMAIL, M_PW, M_NAME, M_PHONE, M_REGDATE, M_GENDER)
		values(#{M_EMAIL}, #{M_PW}, #{M_NAME}, #{M_PHONE}, now(), #{M_GENDER})
	</insert>

	<!-- 아이디 중복 검사 -->
	<select id="idCheck" resultType="int">
		select count(*) from MEMBER where M_EMAIL = #{M_EMAIL}
	</select>
	
	<!-- 로그인 구현 -->
	<select id="memberLogin" resultType="com.wdt.model.MemberVO">
		<!-- 인코딩 된 비밀번호를 확인하기 위한 쿼리 -->
		select M_EMAIL, M_PW from MEMBER where M_EMAIL = #{M_EMAIL}
	
		<!-- select M_EMAIL, M_PW from MEMBER WHERE M_EMAIL = #{M_Email} and M_PW = #{M_PW} -->
	</select>
	
	<!-- 회원정보 수정 -->
	<update id="memberUpdate">
		UPDATE MEMBER SET
			M_PW = #{M_PW},
			M_NAME = #{M_NAME},
			M_PHONE = #{M_PHONE}
			WHERE M_EMAIL = #{M_EMAIL}
	</update>

</mapper>